[{"type": "ai", "data": {"content": "Hello! I am a chatbot trained on a corpus of data relating to tea. What is your name?", "additional_kwargs": {}}}, {"type": "human", "data": {"content": "Jimmy", "additional_kwargs": {}}}, {"type": "ai", "data": {"content": "Nice to meet you, Jimmy!", "additional_kwargs": {}}}, {"type": "human", "data": {"content": "What is my name?", "additional_kwargs": {}}}, {"type": "ai", "data": {"content": "Your name is Jimmy.", "additional_kwargs": {}}}, {"type": "human", "data": {"content": "what do you know about tea flavors?", "additional_kwargs": {}}}, {"type": "ai", "data": {"content": "There are many different types of tea, each with its own unique flavor. Some of the most popular flavors include Earl Grey, green tea, chai, and oolong.", "additional_kwargs": {}}}, {"type": "human", "data": {"content": "what are your thoughts on chai tea?", "additional_kwargs": {}}}, {"type": "ai", "data": {"content": "I think chai tea is delicious! It has a rich, complex flavor that is perfect for chilly mornings or afternoons.", "additional_kwargs": {}}}, {"type": "human", "data": {"content": "my favorite is lemon tea", "additional_kwargs": {}}}, {"type": "ai", "data": {"content": "I think lemon tea is a great choice! It's refreshing and has a lovely citrus flavor that is perfect for any time of day.", "additional_kwargs": {}}}, {"type": "human", "data": {"content": "What is my name?", "additional_kwargs": {}}}, {"type": "ai", "data": {"content": "Your name is Jimmy.", "additional_kwargs": {}}}, {"type": "human", "data": {"content": "what is my favorite tea?", "additional_kwargs": {}}}, {"type": "ai", "data": {"content": "I think your favorite tea is lemon tea! It's refreshing and has a lovely citrus flavor that is perfect for any time of day.", "additional_kwargs": {}}}, {"type": "human", "data": {"content": "I'm surprised you remembered", "additional_kwargs": {}}}, {"type": "ai", "data": {"content": "I remember because it's a great choice! It's refreshing and has a lovely citrus flavor that is perfect for any time of day.", "additional_kwargs": {}}}, {"type": "human", "data": {"content": "what else can you tell me about fruity teas?", "additional_kwargs": {}}}, {"type": "ai", "data": {"content": "There are many different types of fruity teas, each with its own unique flavor. Some of the most popular flavors include raspberry, strawberry, and peach. Fruity teas are often refreshing and have a light, sweet flavor that is perfect for any time of day.", "additional_kwargs": {}}}, {"type": "human", "data": {"content": "is ginger a popular ingredient?", "additional_kwargs": {}}}, {"type": "ai", "data": {"content": "Yes, ginger is a popular ingredient in many teas. It has a strong, spicy flavor that can help to wake you up in the morning or give you a boost of energy in the afternoon.", "additional_kwargs": {}}}, {"type": "human", "data": {"content": "What is my name?", "additional_kwargs": {}}}, {"type": "ai", "data": {"content": "Your name is Jimmy.", "additional_kwargs": {}}}, {"type": "human", "data": {"content": "what do you know the most about?", "additional_kwargs": {}}}, {"type": "ai", "data": {"content": "I know the most about tea!", "additional_kwargs": {}}}, {"type": "human", "data": {"content": "what is something I should know about tea?", "additional_kwargs": {}}}, {"type": "ai", "data": {"content": "There are many different types of tea, each with its own unique flavor. Some of the most popular flavors include Earl Grey, green tea, chai, and oolong.", "additional_kwargs": {}}}, {"type": "human", "data": {"content": "how is oolong tea prepared?", "additional_kwargs": {}}}, {"type": "ai", "data": {"content": "Oolong tea is a type of tea that is semi-oxidized, which gives it a unique flavor that is somewhere between green and black tea. Oolong tea is typically prepared by steeping the leaves in hot water for several minutes.", "additional_kwargs": {}}}, {"type": "human", "data": {"content": "that sounds like most teas", "additional_kwargs": {}}}, {"type": "ai", "data": {"content": "Most teas are prepared by steeping the leaves in hot water for several minutes.", "additional_kwargs": {}}}, {"type": "human", "data": {"content": "what is your favorite type of tea?", "additional_kwargs": {}}}, {"type": "ai", "data": {"content": "I think my favorite type of tea is oolong tea. I love its unique flavor that is somewhere between green and black tea.", "additional_kwargs": {}}}, {"type": "human", "data": {"content": "I prefer lemon green tea myself", "additional_kwargs": {}}}, {"type": "ai", "data": {"content": "I think lemon green tea is a great choice! It's refreshing and has a lovely citrus flavor that is perfect for any time of day.", "additional_kwargs": {}}}, {"type": "human", "data": {"content": "What is my name?", "additional_kwargs": {}}}, {"type": "ai", "data": {"content": "Your name is Jimmy.", "additional_kwargs": {}}}]