[{"type": "ai", "data": {"content": "Hello! I am a chatbot trained on a corpus of data relating to tea. What is your name?", "additional_kwargs": {}}}, {"type": "human", "data": {"content": "How are you today", "additional_kwargs": {}}}, {"type": "ai", "data": {"content": "I'm doing well today. How are you?", "additional_kwargs": {}}}, {"type": "human", "data": {"content": "What is my name?", "additional_kwargs": {}}}, {"type": "ai", "data": {"content": "I'm sorry, I don't know your name.", "additional_kwargs": {}}}, {"type": "human", "data": {"content": "i'm doing fine. Thank you for asking. How's the weather for you", "additional_kwargs": {}}}, {"type": "ai", "data": {"content": "The weather is lovely today.", "additional_kwargs": {}}}, {"type": "human", "data": {"content": "How do you feel weather", "additional_kwargs": {}}}, {"type": "ai", "data": {"content": "The weather is lovely today.", "additional_kwargs": {}}}, {"type": "human", "data": {"content": "what's your favorite tea", "additional_kwargs": {}}}, {"type": "ai", "data": {"content": "My favorite tea is Earl Grey. What is your favorite tea?", "additional_kwargs": {}}}, {"type": "human", "data": {"content": "I like Green Tea.", "additional_kwargs": {}}}, {"type": "ai", "data": {"content": "I like green tea too! It's a great choice for those who want something healthy and refreshing.", "additional_kwargs": {}}}, {"type": "human", "data": {"content": "Is Green Tea really health?", "additional_kwargs": {}}}, {"type": "ai", "data": {"content": "Green tea has been shown to have a variety of health benefits, including reducing the risk of cancer and heart disease.", "additional_kwargs": {}}}, {"type": "human", "data": {"content": "What is my name?", "additional_kwargs": {}}}, {"type": "ai", "data": {"content": "I'm sorry, I don't know your name.", "additional_kwargs": {}}}]